0	anneal37_both_404.out
4367	k10_chain2.log
0	anchor_129_204.model
0	anneal37_both_606.out
5	k11_endpoint_repair.log
55473	extend6.model
0	relative_permutation.out
59200	rainbow_relaxed_sa
99454	k7n37_struct_seed19.model
35696	set_array_entry
1647	50
422285330	k11_labelable_949.cnf
33	k10_q_seed.log
0	k11_l949_labelsa.out
59	k11_lower_factor.cnf.log
263976	k5n12_struct.cnf
0	near_h20_alt.model
38720	test_insert_gaps
52672	fixed_factor_label_cnf_by_rank
0	k11_factorable_label.out
51	k14_completed_best_suffix.log
16	k11_lower937a.model
3446	test_middle.log
59160	rainbow_central_search_v2
0	k11_rainbow_relaxed.out
710475	near_bp.cnf
16905	antipodal_fixed_53.log
40404540	factor_962_low.cnf
12394151	near_h20.cnf
16	k11_labelable_945.model
1462	k14_completed_best_exhaustive.log
0	k11_rainbow_v2b.out
76232	rainbow_path_beam_modes
0	k11_label_lower.out
0	near_ep.model
4329	antipodal_rotation_67.log
0	k11_factorable_lower450.out
17803	k7repair2.model
16	l961_g150.model
43504537	l961_g150.cnf
124559	k7n37_struct.model
60168	central_path_search_bridge
42709368	p965_g50.cnf
0	k11_rainbow_v2c.out
0	k11_labelable_949.cnfgen.out
39616	search_relative_permutations
0	k11_factorable_lower.out
281986421	k11_lower_labelable.cnf
0	near_gp.model
43084054	p966_g180.cnf
16	p966_g0.model
16	factor_962_low.model
0	local_h.model
0	antipodal_31.out
264	k10_chain.log
10912	k11_factorable_lower_beam2.log
172	trimmed_lift_search.log
3829242	k11_upper546_natural.model
31	p9_recursive_seed.log
16	k5n11_struct.model
8759295	k7n37_struct.cnf
38136	analyze_central_path
1446205	k6prefix.cnf
16	p965_g185.model
4903	anneal37_202.log
52936	make_k11_middle_seed
37152	analyze_q_order
0	k11_upper_561_plateau.out
35512	search_greedy_middle
16	k11_upper_full_factor.model
90064	exact_or_sat
0	k11_rainbow_cycle.out
38416	apply_factor_model
12602741	near_h30.cnf
0	k11_upper_plateau.out
0	k11_rainbow_beam.out
39528	analyze_central_factor
75720	rainbow_relaxed_modes
138	k11_factorable_label450.log
189400	k6prefix.model
16	gap129.model
0	antipodal_rotation_61.log
4795260	anchor_129_204.cnf
16	gap228.model
40404543	factor_lower_low.cnf
16	l961_g0.model
455185	factor_k9.model
3980	repair_chain_644.log
41458142	p965_g0.cnf
35752	analyze_factor_possibility
0	k11_l949_labelbeam.out
207	k11_factorable_lower_beam.log
59528	central_path_search_diverse
679	central_path_plateau.log
53476	k7repair4.model
16	k11_lower_factor.model
315	k11_rainbow_v2.log
197465	m4_cyclic_interval_scd.seed2.log
59160	rainbow_cycle_search
37968	verify_or_array
0	k11_label_possible_beam.out
39544	fixed_factor_gap_cnf
0	antipodal_fixed_59.out
48	k11_completed_477_suffix.log
4389	extend5.model
35488	analyze_cyclic_runs
19666	antipodal_17.log
0	k11_factorable_upper.out
16	factor_965_low.model
3640	k11_factorable_refine.log
414	k11_lower_random_953.log
172	trimmed_lift_search_v2.log
19640	k7repair3.model
1525	k14_completed_3676_exhaustive.log
37008	derive_or_row
35344	analyze_runs
218892	m4_cyclic_interval_scd.seed1.log
214572445	near_hp.cnf
3224	k11_factorable_lower459.log
0	k11_rainbow_beam2.out
35864	apply_factor_model_v2
19934	antipodal_29.log
38768	label_factor_moves
92616	rainbow_path_beam_label
16	p966_g254.model
0	anneal37_both_505.out
35808	repair_endpoint
59	k11_lower935_factor.cnf.log
992	k11_completed_477_exhaustive.log
40392	local_repair_cnf_phase
43084004	p966_g120.cnf
0	20
138	k11_lower_random_954.log
0	near_h20.model
0	central_path_plateau_fast.out
28984	k11_lower_label_heuristic.log
40404541	k10_factor_full.cnf
270	repair_chain_onehole.log
0	k11_factorable_label2.out
38752	repair_chain
0	k11_labelable_952.cnfgen.out
0	anchor_129.model
42205806	l961_g254.cnf
40404544	factor_upper.cnf
88	claude_fable_k14.log
5729	anneal37_303.log
48	k11_completed_best_suffix.log
2086072	local_h.cnf
0	central_path_plateau_target.out
9285	anneal37_101.log
1574	greedy8_test.log
38824	fixed_factor_label_cnf
16	l961_g254.model
0	200000
0	anchor_pair_127_128.model
0	antipodal_refine_43.log
59520	central_path_search
60168	central_path_search_upper
35784	middle_cycle_to_central
16	k11_upper_factor.model
52672	fixed_factor_label_cnf_flexible
16	k11_lower_labelable.model
25428	k11_rainbow.log
41488194	p966_g254.cnf
281986419	k11_lower_factor.cnf
37008	factor_central_path
881	trim8_72.log
4639683	near_ep.cnf
71576	fixed_q_sat
164592	k6n22.model
138	k11_l949_labelsa.log
16	factor_966_low.model
16	factor_upper_2.model
2568195	near_c.cnf
16	l961_g50.model
4034	anneal37_both_606.log
69	relative_permutation.log
43293922	gap129.cnf
43505056	l961_g104.cnf
281986423	k11_upper_factor.cnf
6652	anneal37_both_404.log
75928	central_path_plateau
93112	antipodal_central_search
281986422	k11_upper_full_factor.cnf
103717	k7n37_struct_seed3.model
1385	k11_rainbow_relaxed.log
89156	test_gap_k8.model
0	local_e.model
0	near_c.model
276	k11_factorable_label.log
0	near_hp.model
710797	near_b.cnf
40404543	factor_965_low.cnf
953	k11_completed_best_exhaustive.log
1382	construct_best_suffix_verification.log
70	p9_recursive_eval.log
748649	local_e.cnf
5024122	local_g.cnf
0	antipodal_rotation_67.out
16	p965_g0.model
1364	k11_factorable_lower450.log
10254143	k7n38.cnf
0	k11_labelable_952.kissat.log
43954281	l961_g50.cnf
52352	search_middle_order
281986419	k11_lower937a.cnf
41458140	p966_g0.cnf
37822	k11_label_lower.log
0	local_g.model
42979959	p965_g209.cnf
0	antipodal_fixed_53.out
16	near_a.model
105	k11_rainbow_v2b.log
60160	central_path_search_breakout
42112	label_factor_sa
88	k11_labelable_949.cnfgen.log
620	k11_factorable_lower.log
105	k11_rainbow_v2c.log
53328	search_q_order
123130	near_a.cnf
35976	normalize_factor_seed
27023	k5n12.model
41792	general_repair_sa
16	p966_g60.model
1770482	local_f.cnf
35648	trim_covering_word
6592	k4n7.model
42981556	p965_g185.cnf
16	factor_upper_4.model
2004730	test_gap_k8.cnf
4640654	near_e.cnf
0	k11_factorable_lower_beam2.out
36219	antipodal_31.log
43227681	gap31.cnf
16	p966_g180.model
4579	repair_chain_twohole.log
40921	k11_upper_plateau.log
177855	extend5.cnf
52160	search_or_array
18113867	near_d.cnf
1378	k11_rainbow_cycle.log
67119529	m4_cyclic_interval_scd.cnf
59352	central_path_search2
11744287	k11_lower956_factor.model
0	near_e.model
52672	fixed_factor_label_cnf_general
57806	k11_upper_561_plateau.log
59	k11_labelable_945.cnf.log
0	near_h30_alt.model
53320	search_trimmed_lift255_v2
59256	label_factor_sa_breakout
0	anneal37_202.out
0	antipodal_rotation_61.out
11972873	near_gp.cnf
16	k11_lower935_factor.model
0	near_g.model
94000	antipodal_central_search_rotation
0	k11_factorable_label450.out
41328431	near_f.cnf
59	k11_lower_labelable_flexible.cnf.log
16	p965_g254.model
39136	apply_local_model
8301	k11_rainbow_beam.log
37232	lift_middle_path
0	central_path_plateau.out
55120	analyze_fragility
1446408	extend6.cnf
37328	central_path_moves
43024641	p966_g60.cnf
0	k11_factorable_lower_beam.out
59256	label_factor_sa_compound
9387	k11_l949_labelbeam.log
52184	search_graded_windows
11980458	near_g.cnf
177664	k5n12.cnf
19803	antipodal_fixed_59.log
1488642	k10_factor_full.model
43708280	gap228.cnf
125700	k7n38.model
35184	analyze_or_array
10452819	k7repair2.cnf
0	local_f.model
3613	k11_label_possible_beam.log
25136	k4n7.cnf
0	k11_rainbow_v2.out
32	k11_rainbow_cut.log
322	k11_labelable_954_beam.log
16	gap31.model
46	k12_optimal_factor.log
0	near_h10.model
41488196	p965_g254.cnf
59	k11_lower_labelable.cnf.log
60168	central_path_search_modes
109581	k6n21.model
0	k11_factorable_refine.out
0	antipodal_17.out
52904	search_trimmed_lift255
12473241	k7repair3.cnf
75	k10_seed_eval.log
124	k11_factorable_upper.log
75712	rainbow_label_sa
16	factor_upper_1.model
16	k11_lower_labelable_flexible.model
16	factor_upper_3.model
0	antipodal_29.out
51	k14_completed_3676_suffix.log
2820	k11_rainbow_beam2.log
16	l961_g104.model
281986422	k11_lower935_factor.cnf
75432	label_factor_sa_noextra
59160	rainbow_central_search
11044184	factor_k9.cnf
4639095	anchor_129.cnf
0	near_bp.model
0	k11_factorable_lower459.out
39904	local_repair_cnf
422285330	k11_lower_labelable_flexible.cnf
92616	rainbow_path_beam_bridge
38640	apply_gap_model
40404541	factor_966_low.cnf
75728	rainbow_central_search_bridge
16	gap202.model
59	k11_integrated_allinc14.log
0	near_b.model
58592	rainbow_path_beam
43292704	gap202.cnf
4257	anneal37_both_505.log
276	k11_bridge_search.log
12185561	near_h10.cnf
59	k11_upper_full_factor.cnf.log
652	q19_factor_prefix_1901_remote.log
608	central_path_plateau_fast.log
0	k11_lower_label_heuristic.out
28830646	k7repair4.cnf
95	k11_middle_cycle_seed.log
175538	k5n11_struct.cnf
0	near_h10_alt.model
422285329	k11_labelable_952.cnf
29	k11_labelable_949.kissat.log
35584	optimize_path_cut
1446004	k6n22.cnf
0	near_f.model
37352	repair_one
16	p965_g209.model
93992	antipodal_central_search_v3
54536	construct_or_array
26540	k5n12_struct.model
34248	compare_general_bounds
39136	apply_local_model_direct
10504	k14_append241_build_inventory.log
0	204800
42175290	l961_g0.cnf
88	k11_labelable_952.cnfgen.log
16	k11_labelable_949.model
39144	apply_local_model_phase
138	k11_factorable_label2.log
1488634	factor_lower_low.model
59	k11_integrated_allinc13.log
0	antipodal_refine_43.out
0	anneal37_101.out
16	p966_g120.model
422285327	k11_labelable_945.cnf
0	anneal37_303.out
608	central_path_plateau_target.log
1309008	k6n21.cnf
59144	rainbow_path_beam_relaxed
191	trim8_72.out
0	near_d.model
0	5
59528	central_path_search_edge
16	k11_labelable_952.model
92992	central_path_plateau_general
37760	make_middle_seed
56	k10_factor_full.cnf.log
59	k11_upper_factor.cnf.log
0	k11_rainbow.out
16	p965_g50.model
60056	central_path_search_jump
0	near_h30.model
94000	antipodal_central_search_fixed
93320	antipodal_central_search_v2
5112698	anchor_pair_127_128.cnf
