candidate_id	edge_index	lr_row	lmr_row	lower	effect_type	affected_Q_head	new_Q_supplier	retired_Q_heads	Q_neighbors	Q_credit	matching	deficiency	zero_heads	child_hall_heads	child_hall_neighbors	child_graph_fnv64	directed_disjoint_partners112621	directed_Qpass_partners	directed_H_partners_closed	directed_open_S_or_Z_partners
4	1421	621	12948	14	RETIRE	12948	-	1	2	1	16877	21	20	22	1	083e8024edc3a651	112506	112499	401	112098
7	2548	1301	12948	14	RETIRE	12948	-	1	2	1	16877	21	19	23	2	b01c7d8445461dd4	112503	112496	401	112095
8	2579	1307	12948	14	RETIRE	12948	-	1	2	1	16877	21	20	22	1	9223268fdb9877d7	112506	112499	401	112098
9	2652	1329	12948	14	RETIRE	12948	-	1	2	1	16877	21	19	24	3	26ea6d9db8bfba2d	112503	112496	401	112095
10	2915	1413	12948	14	RETIRE	12948	-	1	2	1	16877	21	19	23	2	b17933bd3d788513	112505	112498	401	112097
28	10559	3884	12948	14	RETIRE	12948	-	1	2	1	16877	21	19	24	3	f83a875acdc4b3bd	112507	112500	401	112099
29	11046	4010	12948	14	RETIRE	12948	-	1	2	1	16877	21	20	22	1	e73b7765326dd050	112508	112501	401	112100
32	12234	4725	12948	14	RETIRE	12948	-	1	2	1	16877	21	19	26	5	22a7c9240cebf82a	112503	112496	401	112095
77	21887	8240	12948	14	RETIRE	12948	-	1	2	1	16877	21	19	25	4	206b6d2908033126	112505	112498	401	112097
93	27761	9439	6063	5266	ADD_THIRD	5831	6063	0	3	1	16877	21	18	24	3	4b8f1969db8edc7b	112602	112595	468	112127
101	29076	9900	12948	14	RETIRE	12948	-	1	2	1	16877	21	20	22	1	5e8e6cee651b0fa6	112502	112495	401	112094
102	29322	9956	12948	14	RETIRE	12948	-	1	2	1	16877	21	20	22	1	c78d6e47313e8c9b	112506	112499	401	112098
113	37106	11588	12948	14	RETIRE	12948	-	1	2	1	16877	21	20	22	1	175ea40893a671e3	112500	112493	401	112092
120	38135	11745	12365	24704	ADD_THIRD	12310	12365	0	3	1	16877	21	19	23	2	b7f499b624dbcfe7	112475	112468	369	112099
129	39533	12081	12365	24704	ADD_THIRD	12310	12365	0	3	1	16877	21	19	23	2	c13217a8f0cf65cd	112475	112468	369	112099
146	42257	13007	12927	65550	ADD_THIRD	12948	12927	0	3	1	16877	21	20	22	1	87a3c1a4b2e201c5	112560	112553	449	112104
147	42258	13007	12948	14	RETIRE	12948	-	1	2	1	16877	21	20	22	1	47d2cced7d4f4e2a	112498	112491	401	112090
148	42260	13007	13057	65614	ADD_THIRD	13148	13057	0	3	1	16877	21	20	22	1	53eba31c32bc57e7	112584	112577	467	112110
149	42475	13023	12927	65550	ADD_THIRD	12948	12927	0	3	1	16877	21	20	22	1	a5d4604854e542bd	112560	112553	449	112104
150	42476	13023	12948	14	RETIRE	12948	-	1	2	1	16877	21	20	22	1	de0db245a29f6a28	112498	112491	401	112090
151	42734	13043	12927	65550	ADD_THIRD	12948	12927	0	3	1	16877	21	20	22	1	634e389886ada4a4	112562	112555	449	112106
152	42735	13043	12948	14	RETIRE	12948	-	1	2	1	16877	21	20	22	1	a3d25a216bd47b5c	112500	112493	401	112092
162	43721	13238	12927	65550	ADD_THIRD	12948	12927	0	3	1	16877	21	20	22	1	4a81b19225e7f9ae	112560	112553	449	112104
163	43722	13238	12948	14	RETIRE	12948	-	1	2	1	16877	21	20	22	1	c5114edb786e72d1	112498	112491	401	112090
164	43942	13253	12927	65550	ADD_THIRD	12948	12927	0	3	1	16877	21	20	22	1	7bba67e3d3b29a1a	112559	112552	449	112103
165	43943	13253	12948	14	RETIRE	12948	-	1	2	1	16877	21	20	22	1	b48971e3af7f2fc0	112497	112490	401	112089
179	46209	13715	12948	14	RETIRE	12948	-	1	2	1	16877	21	20	22	1	29518436de4244da	112501	112494	400	112094
192	52277	14797	12927	65550	ADD_THIRD	12948	12927	0	3	1	16877	21	20	22	1	eb9cbdc599d0b9f0	112550	112543	449	112094
193	52278	14797	12948	14	RETIRE	12948	-	1	2	1	16877	21	20	22	1	962c70c2036c8115	112488	112481	401	112080
225	60512	16340	12927	65550	ADD_THIRD	12948	12927	0	3	1	16877	21	20	22	1	0fa4db72b617050e	112558	112551	449	112102
226	60513	16340	12948	14	RETIRE	12948	-	1	2	1	16877	21	20	22	1	8509207efd50e42c	112496	112489	401	112088
234	62236	16551	16378	81990	RETIRE	16378	-	1	2	1	16877	21	19	23	2	1366e3a45c4db522	112574	112567	465	112102
239	64055	16803	16378	81990	RETIRE	16378	-	1	2	1	16877	21	19	23	2	095cc0b1ed6c870a	112572	112565	465	112100
259	72113	18047	12365	24704	ADD_THIRD	12310	12365	0	3	1	16877	21	19	23	2	0d09ad307c3b0b03	112477	112470	369	112101
260	72131	18047	18101	90114	ADD_THIRD	16378	18101	0	3	1	16877	21	19	23	2	48ff48925c1fa29d	112530	112523	418	112105
262	72311	18057	16378	81990	RETIRE	16378	-	1	2	1	16877	21	19	23	2	f9173a8056b42e37	112571	112564	465	112099
263	72321	18057	18101	90114	ADD_THIRD	16378	18101	0	3	1	16877	21	19	23	2	e54ecb1a3c478853	112526	112519	418	112101
272	72797	18110	12365	24704	ADD_THIRD	12310	12365	0	3	1	16877	21	19	23	2	e2d0db6d3502ab93	112472	112465	368	112097
331	78669	19059	12365	24704	ADD_THIRD	12310	12365	0	3	1	16877	21	19	23	2	e58bdeaed045be61	112483	112476	369	112107
348	79723	19283	22823	18564	ADD_THIRD	22839	22823	0	3	1	16877	21	19	23	2	46ac9ce9e31f2eb0	112579	112572	448	112124
349	79830	19301	12760	6176	ADD_THIRD	12816	12760	0	3	1	16877	21	19	23	2	0fac9ed283226164	112509	112502	381	112121
350	79886	19306	12948	14	RETIRE	12948	-	1	2	1	16877	21	20	22	1	2d367ee525f434f0	112526	112519	401	112118
374	92903	21221	9049	41728	ADD_THIRD	15484	9049	0	3	1	16877	21	19	23	2	d907e74764aed2b2	112561	112554	451	112103
382	98324	22211	12760	6176	ADD_THIRD	12816	12760	0	3	1	16877	21	19	23	2	e6add8678ff7e920	112526	112519	381	112138
392	99305	22347	16378	81990	RETIRE	16378	-	1	2	1	16877	21	19	23	2	dbcf67718326aafb	112573	112566	465	112101
399	106479	23352	6063	5266	ADD_THIRD	5831	6063	0	3	1	16877	21	18	24	3	1e4e5f57e9315140	112599	112592	468	112124
449	109872	23776	12365	24704	ADD_THIRD	12310	12365	0	3	1	16877	21	19	23	2	b670901c53ec12ed	112505	112498	369	112129
